{"_inherit":true,"color":"#54565b","dataColors":{"primaryColor":"#0073ae","othersColor":"#d1d0ce","errorColor":"#76777b","nullColor":"#d1d0ce"},"palettes":{"data":[{"name":"AIG Colours","propertyValue":"0012","type":"row","scale":["#0073ae","#7cb98d","#e98c4b","#fecb4e","#cd3e4f","#9840b5","#4096c2","#63a568","#ffb040","#f1494d","#c74c99","#7cd6ee","#b0d777","#ffe27e","#fd9ea9","#ca88d4","#d1d0ce","#ade0ee"]},{"name":"QS 12 Colors","propertyValue":"0011","type":"row","scale":["#332288","#6699cc","#88ccee","#44aa99","#117733","#999933","#ddcc77","#661100","#cc6677","#aa4466","#882255","#aa4499"]},{"name":"QS 100 Colors","propertyValue":"0100","type":"row","scale":["#99c867","#e43cd0","#e2402a","#66a8db","#3f1a20","#e5aa87","#3c6b59","#aa2a6b","#e9b02e","#7864dd","#65e93c","#5ce4ba","#d0e0da","#d796dd","#64487b","#e4e72b","#6f7330","#932834","#ae6c7d","#986717","#e3cb70","#408c1d","#dd325f","#533d1c","#2a3c54","#db7127","#72e3e2","#e2c1da","#d47555","#7d7f81","#54ae9b","#e9daa6","#3a8855","#5be66e","#ab39a4","#a6e332","#6c469d","#e39e51","#4f1c42","#273c1c","#aa972e","#8bb32a","#bdeca5","#63ec9b","#9c3519","#aaa484","#72256d","#4d749f","#9884df","#e590b8","#44b62b","#ad5792","#c65dea","#e670ca","#e38783","#29312d","#6a2c1e","#d7b1aa","#b1e7c3","#cdc134","#9ee764","#56b8ce","#2c6323","#65464a","#b1cfea","#3c7481","#3a4e96","#6493e1","#db5656","#747259","#bbabe4","#e33f92","#d0607d","#759f79","#9d6b5e","#8574ae","#7e304c","#ad8fac","#4b77de","#647e17","#b9c379","#8da8b0","#b972d9","#786279","#7ec07d","#916436","#2d274f","#dce680","#759748","#dae65a","#459c49","#b7934a","#51c671","#9ead3f","#969a5c","#b9976a","#46531a","#c0f084","#76c146","#bad0ad"]},{"name":"D3 10 Colors","propertyValue":"3","type":"row","scale":["#1f77b4","#ff7f0e","#2ca02c","#d62728","#9467bd","#8c564b","#e377c2","#7f7f7f","#bcbd22","#17becf"]},{"name":"D3 Dark","propertyValue":"4","type":"row","scale":["#1b9e77","#d95f02","#7570b3","#e7298a","#66a61e","#e6ab02","#a6761d","#666666"]},{"name":"D3 Paired","propertyValue":"5","type":"row","scale":["#a6cee3","#1f78b4","#b2df8a","#33a02c","#fb9a99","#e31a1c","#fdbf6f","#ff7f00","#cab2d6","#6a3d9a","#ffff99","#b15928"]},{"name":"D3 Set 1","propertyValue":"6","type":"row","scale":["#e41a1c","#377eb8","#4daf4a","#984ea3","#ff7f00","#ffff33","#a65628","#f781bf","#999999"]},{"name":"D3 Set 2","propertyValue":"7","type":"row","scale":["#66c2a5","#fc8d62","#8da0cb","#e78ac3","#a6d854","#ffd92f","#e5c494","#b3b3b3"]},{"name":"D3 Set 3","propertyValue":"8","type":"row","scale":["#8dd3c7","#ffffb3","#bebada","#fb8072","#80b1d3","#fdb462","#b3de69","#fccde5","#d9d9d9","#bc80bd","#ccebc5","#ffed6f"]},{"name":"D3 Pastel 1","propertyValue":"9","type":"row","scale":["#fbb4ae","#b3cde3","#ccebc5","#decbe4","#fed9a6","#ffffcc","#e5d8bd","#fddaec","#f2f2f2"]},{"name":"D3 Pastel 2","propertyValue":"10","type":"row","scale":["#b3e2cd","#fdcdac","#cbd5e8","#f4cae4","#e6f5c9","#fff2ae","#f1e2cc","#cccccc"]}],"ui":[{"name":"Palette","colors":["#ffffff","#0073ae","#7cb98d","#e98c4b","#fecb4e","#cd3e4f","#9840b5","#4096c2","#63a568","#ffb040","#f1494d","#BDBDBD","#76777b","#54565b","#c74c99","#7cd6ee","#b0d777","#ffe27e","#fd9ea9","#ca88d4","#ade0ee","#1e1e1e","#138cc6","#00a4e4"]}]}}